"Id","StoryPoints","DataType","StartDate","ActualEndDate","ExpectedEndDate","Owner","Name","Comments","Status","Priority"
"1","100","A","11/4/2017","","14/4/2017","Someone","BAU","","Done","High"
"1","10","B","","","","Arun","Job Meeting 02","","Done","High"
"2","10","B","","","","Arun","Job Meeting 03","","Done","High"
"3","10","B","","","","Arun","Job Meeting 04","","Done","High"
"4","10","B","","","","Arun","Job Meeting 05","","Done","High"
"5","10","B","","","","Arun","Job Meeting 06","","Done","High"
"6","10","B","","","","Arun","Job Meeting 07","","Done","High"
"8","25","B","","","","someone","hello","","Done",""
"9","23","B","","","","someone","What","","Done",""
"10","25","B","","","","someone","And there happens this","","Done",""
"11","24","B","","","","someone","when","","Done",""
"12","5","B","","","","someone","qrtert","","Done",""
