Id,Name,Description,StartDate,PointsCompleted,PointsTotal,Owner,Priority,Status
1,BAU,,12/3/2017,20,45,Arun,High,Active
2,Informatica,,12/4/2017,10,30,Arun,High,Active
3,Saffire,,12/5/2017,10,30,Arun,High,Active
4,Java,,12/6/2017,10,30,Arun,High,Active
5,AHM,,12/7/2017,10,30,Arun,High,Active
6,Large,,12/8/2017,10,30,Arun,High,Active
7,Small,,12/9/2017,10,30,Arun,High,Active
8,Jade,,12/10/2017,10,30,Arun,High,Active
9,Austin,,12/11/2017,10,30,Arun,High,Active
10,Winter,,12/12/2017,10,30,Arun,High,Active
